<code_scheme name="Ptolemy II" version="173">
  <option name="WRAP_WHEN_TYPING_REACHES_RIGHT_MARGIN" value="true" />
  <option name="FORMATTER_TAGS_ENABLED" value="false" />
  <JavaCodeStyleSettings>
    <option name="CLASS_COUNT_TO_USE_IMPORT_ON_DEMAND" value="999" />
    <option name="NAMES_COUNT_TO_USE_IMPORT_ON_DEMAND" value="999" />
    <option name="ALIGN_TYPES_IN_MULTI_CATCH" value="false" />
    <option name="JD_P_AT_EMPTY_LINES" value="false" />
    <option name="JD_DO_NOT_WRAP_ONE_LINE_COMMENTS" value="true" />
    <option name="JD_PARAM_DESCRIPTION_ON_NEW_LINE" value="true" />
    <option name="JD_INDENT_ON_CONTINUATION" value="true" />
  </JavaCodeStyleSettings>
  <codeStyleSettings language="JAVA">
    <option name="RIGHT_MARGIN" value="120" />
    <option name="KEEP_LINE_BREAKS" value="false" />
    <option name="KEEP_FIRST_COLUMN_COMMENT" value="false" />
    <option name="KEEP_CONTROL_STATEMENT_IN_ONE_LINE" value="false" />
    <option name="KEEP_BLANK_LINES_IN_DECLARATIONS" value="1" />
    <option name="KEEP_BLANK_LINES_IN_CODE" value="1" />
    <option name="KEEP_BLANK_LINES_BETWEEN_PACKAGE_DECLARATION_AND_HEADER" value="1" />
    <option name="KEEP_BLANK_LINES_BEFORE_RBRACE" value="1" />
    <option name="INDENT_CASE_FROM_SWITCH" value="false" />
    <option name="ALIGN_MULTILINE_PARAMETERS" value="false" />
    <option name="ALIGN_MULTILINE_RESOURCES" value="false" />
    <option name="SPACE_WITHIN_ARRAY_INITIALIZER_BRACES" value="true" />
    <option name="SPACE_BEFORE_ARRAY_INITIALIZER_LBRACE" value="true" />
    <option name="CALL_PARAMETERS_WRAP" value="1" />
    <option name="METHOD_PARAMETERS_WRAP" value="1" />
    <option name="RESOURCE_LIST_WRAP" value="5" />
    <option name="EXTENDS_LIST_WRAP" value="1" />
    <option name="THROWS_LIST_WRAP" value="1" />
    <option name="EXTENDS_KEYWORD_WRAP" value="1" />
    <option name="THROWS_KEYWORD_WRAP" value="1" />
    <option name="METHOD_CALL_CHAIN_WRAP" value="1" />
    <option name="BINARY_OPERATION_WRAP" value="1" />
    <option name="TERNARY_OPERATION_WRAP" value="5" />
    <option name="TERNARY_OPERATION_SIGNS_ON_NEXT_LINE" value="true" />
    <option name="ARRAY_INITIALIZER_WRAP" value="1" />
    <option name="ASSIGNMENT_WRAP" value="1" />
    <option name="ASSERT_STATEMENT_WRAP" value="1" />
    <option name="ENUM_CONSTANTS_WRAP" value="1" />
  </codeStyleSettings>
</code_scheme>