<application>
  <component name="com.intellij.ide.ui.customization.CustomActionsSchema">
    <group value="XDebugger.MuteBreakpoints" is_action="true" action_type="-1" position="12">
      <path value="root" />
      <path value="Debug Header Toolbar" />
      <option name="myInitialPosition" value="-1" />
    </group>
    <group value="ViewBreakpoints" is_action="true" action_type="-1" position="11">
      <path value="root" />
      <path value="Debug Header Toolbar" />
      <option name="myInitialPosition" value="-1" />
    </group>
    <group seperator="true" action_type="1" position="0">
      <path value="root" />
      <path value="Debug Header Toolbar" />
      <option name="myInitialPosition" value="-1" />
    </group>
    <group value="Debugger.CustomizeContextView" is_action="true" action_type="1" position="1">
      <path value="root" />
      <path value="Debug Header Toolbar" />
      <option name="myInitialPosition" value="-1" />
    </group>
    <group value="Debugger.CustomizeThreadsView" is_action="true" action_type="1" position="2">
      <path value="root" />
      <path value="Debug Header Toolbar" />
      <option name="myInitialPosition" value="-1" />
    </group>
    <group value="ByteCodeDecompiler" is_action="true" action_type="1" position="3">
      <path value="root" />
      <path value="Debug Header Toolbar" />
      <option name="myInitialPosition" value="-1" />
    </group>
    <group value="DumpThreads" is_action="true" action_type="1" position="4">
      <path value="root" />
      <path value="Debug Header Toolbar" />
      <option name="myInitialPosition" value="-1" />
    </group>
    <group value="StreamTracerAction" is_action="true" action_type="1" position="5">
      <path value="root" />
      <path value="Debug Header Toolbar" />
      <option name="myInitialPosition" value="-1" />
    </group>
    <group seperator="true" action_type="1" position="6">
      <path value="root" />
      <path value="Debug Header Toolbar" />
      <option name="myInitialPosition" value="-1" />
    </group>
    <group value="RunToolbarHotSwapAction" is_action="true" action_type="1" position="7">
      <path value="root" />
      <path value="Debug Header Toolbar" />
      <option name="myInitialPosition" value="-1" />
    </group>
    <group value="ViewBreakpoints" is_action="true" action_type="1" position="10">
      <path value="root" />
      <path value="Debug Header Toolbar" />
      <option name="myInitialPosition" value="-1" />
    </group>
    <group value="XDebugger.MuteBreakpoints" is_action="true" action_type="1" position="11">
      <path value="root" />
      <path value="Debug Header Toolbar" />
      <option name="myInitialPosition" value="-1" />
    </group>
    <group value="ShowExecutionPoint" is_action="true" action_type="1" position="15">
      <path value="root" />
      <path value="Debug Header Toolbar" />
      <option name="myInitialPosition" value="-1" />
    </group>
    <group value="Debugger.StepOutOfBlock" is_action="true" action_type="1" position="21">
      <path value="root" />
      <path value="Debug Header Toolbar" />
      <option name="myInitialPosition" value="-1" />
    </group>
    <action id="Debugger.CustomizeThreadsView" icon="jar:file:/D:/software/IntelliJ%20IDEA%202023.2.2/lib/app-client.jar!/expui/toolbar/unknown.svg" />
    <action id="Debugger.ThrowException" icon="jar:file:/D:/software/JetBrains/IDEA/lib/app.jar!/toolbar/unknown.svg" />
    <action id="Hotswap" icon="jar:file:/D:/software/JetBrains/IDEA/lib/app.jar!/toolbar/unknown.svg" />
    <action id="ByteCodeDecompiler" icon="jar:file:/D:/software/IntelliJ%20IDEA%202023.2.2/lib/app-client.jar!/expui/toolbar/unknown.svg" />
    <action id="Debugger.CustomizeContextView" icon="jar:file:/D:/software/IntelliJ%20IDEA%202023.2.2/lib/app-client.jar!/expui/toolbar/unknown.svg" />
    <action id="XDebugger.JumpToSource" icon="jar:file:/D:/software/JetBrains/IDEA/lib/app.jar!/toolbar/unknown.svg" />
    <action id="XDebugger.SetValue" icon="jar:file:/D:/software/JetBrains/IDEA/lib/app.jar!/toolbar/unknown.svg" />
    <action id="Debugger.ForceEarlyReturn" icon="jar:file:/D:/software/JetBrains/IDEA/lib/app.jar!/toolbar/unknown.svg" />
  </component>
</application>