<application>
  <component name="SshConfigs">
    <configs>
      <sshConfig authType="PASSWORD" host="192.168.5.10" id="e82bb2a7-f4e9-431c-8abe-ea450d6a001f" port="22" nameFormat="DESCRIPTIVE" username="shuaikai" useOpenSSHConfig="true" />
      <sshConfig authType="PASSWORD" host="192.168.5.11" id="30c087a9-7304-4920-a487-eed1f2f8b0d2" port="22" nameFormat="DESCRIPTIVE" username="shuaikai" useOpenSSHConfig="true" />
      <sshConfig authType="PASSWORD" host="vlab.ustc.edu.cn" id="7712463b-d51a-4e69-af17-701ea3b1a09f" keyPath="C:\Users\wddjwk\.ssh\vlab-vm5941.pem" port="22" nameFormat="DESCRIPTIVE" username="shuaikai" useOpenSSHConfig="true" />
      <sshConfig authType="OPEN_SSH" host="192.168.10.118" id="82a78651-51b2-4845-99d4-d5eb6ce95915" port="22" nameFormat="DESCRIPTIVE" username="shuaikai" useOpenSSHConfig="true" />
    </configs>
  </component>
</application>