<application>
  <component name="Translation.Cache">
    <option name="lastTrimTime" value="1715605731331" />
  </component>
  <component name="Translation.States">
    <option name="translationDialogHeight" value="325" />
    <option name="translationDialogLocationX" value="723" />
    <option name="translationDialogLocationY" value="426" />
    <option name="translationDialogWidth" value="650" />
    <histories>
      <item value="hello" />
      <item value="12" />
      <item value="onBuilder add2Obj" />
    </histories>
    <option name="languageScores">
      <map>
        <entry key="CHINESE" value="8" />
        <entry key="ENGLISH" value="7" />
      </map>
    </option>
  </component>
</application>