<keymap version="1" name="Windows copy" parent="$default">
  <action id="ActivateBookmarksToolWindow" />
  <action id="ActivateDebugToolWindow">
    <keyboard-shortcut first-keystroke="alt back_quote" />
  </action>
  <action id="ActivateFindToolWindow" />
  <action id="ActivateProjectToolWindow" />
  <action id="ActivateRunToolWindow" />
  <action id="ActivateStructureToolWindow">
    <keyboard-shortcut first-keystroke="alt 1" />
  </action>
  <action id="ActivateTODOToolWindow">
    <keyboard-shortcut first-keystroke="alt 3" />
  </action>
  <action id="ActivateTerminalToolWindow">
    <keyboard-shortcut first-keystroke="shift ctrl back_quote" />
  </action>
  <action id="Activatehuawei.codespiritToolWindowToolWindow">
    <keyboard-shortcut first-keystroke="alt 5" />
  </action>
  <action id="Android.Designer.IssuePanel.QuickFixes">
    <keyboard-shortcut first-keystroke="alt enter" />
    <keyboard-shortcut first-keystroke="alt w" />
    <keyboard-shortcut first-keystroke="shift alt w" />
  </action>
  <action id="Arrangement.Rule.Add">
    <keyboard-shortcut first-keystroke="alt insert" />
    <keyboard-shortcut first-keystroke="insert" />
  </action>
  <action id="CallHierarchy.BaseOnThisMethod" />
  <action id="CheckinProject" />
  <action id="CloseAllEditorsButActive">
    <keyboard-shortcut first-keystroke="ctrl alt w" />
  </action>
  <action id="CloseAllToTheRight">
    <keyboard-shortcut first-keystroke="shift alt w" />
  </action>
  <action id="Compare.SameVersion">
    <keyboard-shortcut first-keystroke="ctrl alt d" />
  </action>
  <action id="CompareClipboardWithSelection">
    <keyboard-shortcut first-keystroke="shift ctrl d" />
  </action>
  <action id="Console.Execute.Multiline" />
  <action id="Console.SplitLine" />
  <action id="Console.TableResult.ColumnsList">
    <keyboard-shortcut first-keystroke="ctrl f12" />
    <keyboard-shortcut first-keystroke="alt 2" />
  </action>
  <action id="Console.TableResult.DeleteRows" />
  <action id="Console.TableResult.EditValue">
    <keyboard-shortcut first-keystroke="f2" />
    <keyboard-shortcut first-keystroke="enter" />
    <keyboard-shortcut first-keystroke="alt enter" />
    <keyboard-shortcut first-keystroke="alt w" />
  </action>
  <action id="Console.TableResult.SetDefault" />
  <action id="ContextHelp" />
  <action id="DatabaseView.Tools">
    <keyboard-shortcut first-keystroke="alt enter" />
    <keyboard-shortcut first-keystroke="alt w" />
  </action>
  <action id="Diff.ShowDiff">
    <keyboard-shortcut first-keystroke="ctrl alt d" />
  </action>
  <action id="DirDiffMenu.SynchronizeDiff.All" />
  <action id="Docker.RemoteServers.StartComposeService" />
  <action id="Docker.RemoteServers.StartContainer" />
  <action id="EditorContextInfo" />
  <action id="EditorDeleteLine">
    <keyboard-shortcut first-keystroke="alt d" />
  </action>
  <action id="EditorDuplicate">
    <keyboard-shortcut first-keystroke="ctrl y" />
  </action>
  <action id="EditorScrollToCenter" />
  <action id="EditorSplitLine" />
  <action id="EditorStartNewLine">
    <keyboard-shortcut first-keystroke="ctrl enter" />
  </action>
  <action id="EditorStartNewLineBefore">
    <keyboard-shortcut first-keystroke="ctrl alt enter" />
    <keyboard-shortcut first-keystroke="shift enter" />
  </action>
  <action id="FileChooser.GotoDesktop" />
  <action id="FileStructurePopup">
    <keyboard-shortcut first-keystroke="ctrl f12" />
    <keyboard-shortcut first-keystroke="alt 2" />
  </action>
  <action id="FindNext">
    <keyboard-shortcut first-keystroke="ctrl l" />
  </action>
  <action id="FindPrevious">
    <keyboard-shortcut first-keystroke="shift ctrl l" />
  </action>
  <action id="FindUsages">
    <keyboard-shortcut first-keystroke="alt f7" />
    <keyboard-shortcut first-keystroke="f1" />
  </action>
  <action id="FindWordAtCaret" />
  <action id="Generate">
    <keyboard-shortcut first-keystroke="alt insert" />
    <keyboard-shortcut first-keystroke="insert" />
    <keyboard-shortcut first-keystroke="alt i" />
  </action>
  <action id="Git.Branches" />
  <action id="GotoSuperMethod">
    <keyboard-shortcut first-keystroke="ctrl b" />
  </action>
  <action id="Gradle.AddGradleDslDependencyAction">
    <keyboard-shortcut first-keystroke="ctrl m" second-keystroke="ctrl m" />
  </action>
  <action id="Hotswap">
    <keyboard-shortcut first-keystroke="alt r" />
  </action>
  <action id="Kotlin.RunScratch" />
  <action id="KotlinShellExecute" />
  <action id="ParameterInfo">
    <keyboard-shortcut first-keystroke="ctrl p" />
    <keyboard-shortcut first-keystroke="alt q" />
  </action>
  <action id="PinActiveTab">
    <keyboard-shortcut first-keystroke="alt p" />
  </action>
  <action id="ProblemsView.QuickFixes">
    <keyboard-shortcut first-keystroke="alt enter" />
    <keyboard-shortcut first-keystroke="alt w" />
  </action>
  <action id="ReformatCode">
    <keyboard-shortcut first-keystroke="ctrl alt l" />
    <keyboard-shortcut first-keystroke="alt f" />
  </action>
  <action id="RenameElement">
    <keyboard-shortcut first-keystroke="shift f6" />
    <keyboard-shortcut first-keystroke="f2" />
  </action>
  <action id="RestoreDefaultLayout" />
  <action id="ScrollPane-scrollDown">
    <mouse-shortcut keystroke="shift button142" />
  </action>
  <action id="ScrollPane-scrollLeft">
    <mouse-shortcut keystroke="alt button143" />
    <keyboard-shortcut first-keystroke="ctrl alt left" />
  </action>
  <action id="ScrollPane-scrollRight">
    <mouse-shortcut keystroke="alt button142" />
    <keyboard-shortcut first-keystroke="ctrl alt right" />
  </action>
  <action id="ScrollPane-scrollUp">
    <mouse-shortcut keystroke="shift button143" />
  </action>
  <action id="ShowBookmarks">
    <keyboard-shortcut first-keystroke="alt 4" />
  </action>
  <action id="ShowExecutionPoint">
    <keyboard-shortcut first-keystroke="alt f10" />
    <keyboard-shortcut first-keystroke="f10" />
  </action>
  <action id="ShowIntentionActions">
    <keyboard-shortcut first-keystroke="alt enter" />
    <keyboard-shortcut first-keystroke="alt w" />
  </action>
  <action id="ShowUmlDiagramPopup">
    <keyboard-shortcut first-keystroke="ctrl alt u" />
    <keyboard-shortcut first-keystroke="ctrl u" />
    <keyboard-shortcut first-keystroke="alt a" />
  </action>
  <action id="SplitChooser.Duplicate" />
  <action id="SwitchHeaderSource" />
  <action id="Terminal.SmartCommandExecution.Run" />
  <action id="Terminal.SwitchFocusToEditor" />
  <action id="ToggleBookmark">
    <keyboard-shortcut first-keystroke="ctrl alt 4" />
    <keyboard-shortcut first-keystroke="f3" />
  </action>
  <action id="ToggleBookmarkWithMnemonic">
    <keyboard-shortcut first-keystroke="ctrl f3" />
  </action>
  <action id="ToggleDistractionFreeMode">
    <keyboard-shortcut first-keystroke="shift f11" />
  </action>
  <action id="ToggleFullScreen">
    <keyboard-shortcut first-keystroke="f11" />
  </action>
  <action id="TogglePresentationMode">
    <keyboard-shortcut first-keystroke="shift f12" />
  </action>
  <action id="ToggleZenMode">
    <keyboard-shortcut first-keystroke="f12" />
  </action>
  <action id="Uml.NodeIntentions">
    <keyboard-shortcut first-keystroke="alt enter" />
    <keyboard-shortcut first-keystroke="alt w" />
  </action>
  <action id="UsageGrouping.DirectoryStructure" />
  <action id="Vcs.Push" />
  <action id="Vcs.QuickListPopupAction" />
  <action id="Vcs.ShowMessageHistory" />
  <action id="Vcs.ShowTabbedFileHistory">
    <keyboard-shortcut first-keystroke="ctrl alt h" />
  </action>
  <action id="Vcs.UpdateProject" />
  <action id="ViewSource" />
  <action id="coderead.maven.search">
    <keyboard-shortcut first-keystroke="ctrl m" second-keystroke="ctrl m" />
  </action>
  <action id="org.intellij.plugins.markdown.ui.actions.styling.InsertImageAction" />
  <action id="tasks.close" />
</keymap>