<application>
  <component name="com.intellij.ide.ui.customization.CustomActionsSchema">
    <group value="XDebugger.MuteBreakpoints" is_action="true" action_type="-1" position="13">
      <path value="root" />
      <path value="Debug Header Toolbar" />
      <option name="myInitialPosition" value="-1" />
    </group>
    <group value="ViewBreakpoints" is_action="true" action_type="-1" position="12">
      <path value="root" />
      <path value="Debug Header Toolbar" />
      <option name="myInitialPosition" value="-1" />
    </group>
    <group value="StepIntoMyCode" is_action="true" action_type="-1" position="9">
      <path value="root" />
      <path value="Debug Header Toolbar" />
      <option name="myInitialPosition" value="-1" />
    </group>
    <group value="Pause" is_action="true" action_type="-1" position="6">
      <path value="root" />
      <path value="Debug Header Toolbar" />
      <option name="myInitialPosition" value="-1" />
    </group>
    <group value="ExecutionTargets" is_action="true" action_type="-1" position="0">
      <path value="root" />
      <path value="Main Toolbar" />
      <path value="Right" />
      <path value="ExecutionTargetsToolbarGroup" />
      <option name="myInitialPosition" value="-1" />
    </group>
    <group value="Perforce.Toolbar.PerforceToolbarWidgetAction" is_action="true" action_type="1" position="0">
      <path value="root" />
      <path value="Main Toolbar" />
      <path value="Center" />
      <option name="myInitialPosition" value="-1" />
    </group>
    <group value="CIDR.Debugger.FreezeThread" is_action="true" action_type="1" position="0">
      <path value="root" />
      <path value="Debug Header Toolbar" />
      <option name="myInitialPosition" value="-1" />
    </group>
    <group value="ExecutionTargets" is_action="true" action_type="1" position="1">
      <path value="root" />
      <path value="Main Toolbar" />
      <path value="Right" />
      <option name="myInitialPosition" value="-1" />
    </group>
    <group value="CIDR.Debugger.UnfreezeThread" is_action="true" action_type="1" position="1">
      <path value="root" />
      <path value="Debug Header Toolbar" />
      <option name="myInitialPosition" value="-1" />
    </group>
    <group value="XDebugger.AttachToProcess" is_action="true" action_type="1" position="2">
      <path value="root" />
      <path value="Debug Header Toolbar" />
      <option name="myInitialPosition" value="-1" />
    </group>
    <group value="CIDR.Debugger.DebugCoreDumpAction" is_action="true" action_type="1" position="3">
      <path value="root" />
      <path value="Debug Header Toolbar" />
      <option name="myInitialPosition" value="-1" />
    </group>
    <group seperator="true" action_type="1" position="4">
      <path value="root" />
      <path value="Debug Header Toolbar" />
      <option name="myInitialPosition" value="-1" />
    </group>
    <group value="CMake.ReloadCMakeProject" is_action="true" action_type="1" position="5">
      <path value="root" />
      <path value="Debug Header Toolbar" />
      <option name="myInitialPosition" value="-1" />
    </group>
    <group seperator="true" action_type="1" position="6">
      <path value="root" />
      <path value="Main Toolbar" />
      <path value="Right" />
      <option name="myInitialPosition" value="-1" />
    </group>
    <group value="Pause" is_action="true" action_type="1" position="8">
      <path value="root" />
      <path value="Debug Header Toolbar" />
      <option name="myInitialPosition" value="-1" />
    </group>
    <group value="ViewBreakpoints" is_action="true" action_type="1" position="10">
      <path value="root" />
      <path value="Debug Header Toolbar" />
      <option name="myInitialPosition" value="-1" />
    </group>
    <group value="XDebugger.MuteBreakpoints" is_action="true" action_type="1" position="11">
      <path value="root" />
      <path value="Debug Header Toolbar" />
      <option name="myInitialPosition" value="-1" />
    </group>
    <group value="ShowExecutionPoint" is_action="true" action_type="1" position="14">
      <path value="root" />
      <path value="Debug Header Toolbar" />
      <option name="myInitialPosition" value="-1" />
    </group>
    <group value="ForceStepOver" is_action="true" action_type="1" position="19">
      <path value="root" />
      <path value="Debug Header Toolbar" />
      <option name="myInitialPosition" value="-1" />
    </group>
    <group value="ForceStepInto" is_action="true" action_type="1" position="20">
      <path value="root" />
      <path value="Debug Header Toolbar" />
      <option name="myInitialPosition" value="-1" />
    </group>
    <group value="ForceRunToCursor" is_action="true" action_type="1" position="21">
      <path value="root" />
      <path value="Debug Header Toolbar" />
      <option name="myInitialPosition" value="-1" />
    </group>
    <action id="SingleFileExecutionAction" icon="jar:file:/D:/software/CLion%202023.2.2/lib/app-client.jar!/expui/toolbar/unknown.svg" />
    <action id="QuickEvaluateExpression" icon="C:/Users/wddjwk/Pictures/logo/0.png" />
  </component>
</application>