<application>
  <component name="CodeFoldingSettings">
    <option name="COLLAPSE_DOC_COMMENTS" value="true" />
  </component>
  <component name="CodeInsightSettings">
    <option name="completionCaseSensitive" value="2" />
    <option name="COMPLETION_CASE_SENSITIVE" value="2" />
    <option name="ADD_UNAMBIGIOUS_IMPORTS_ON_THE_FLY" value="true" />
  </component>
  <component name="CodeVisionSettings">
    <option name="disabledCodeVisionProviderIds">
      <set>
        <option value="vcs.code.vision" />
      </set>
    </option>
    <option name="enabled" value="false" />
  </component>
  <component name="DaemonCodeAnalyzerSettings">
    <option name="SHOW_METHOD_SEPARATORS" value="true" />
  </component>
  <component name="EditorSettings">
    <option name="languageBreadcrumbsMap">
      <map>
        <entry key="JAVA" value="true" />
        <entry key="ObjectiveC" value="true" />
      </map>
    </option>
    <option name="USE_SOFT_WRAPS" value="CONSOLE" />
    <option name="IS_WHEEL_FONTCHANGE_ENABLED" value="true" />
  </component>
  <component name="InlayHintsSettings">
    <option name="disabledLanguages">
      <set>
        <option value="ObjectiveC" />
      </set>
    </option>
    <option name="enabled" value="false" />
  </component>
  <component name="OCCodeFoldingSettings">
    <option name="collapseBlockExpressions" value="true" />
    <option name="COLLAPSE_BLOCK_EXPRESSIONS" value="true" />
  </component>
  <component name="TodoConfiguration">
    <pattern useCustomColors="true" pattern="\btodo.*">
      <option name="FOREGROUND" value="8ece" />
      <option name="BACKGROUND" value="f0f5d1" />
      <option name="FONT_TYPE" value="1" />
    </pattern>
    <pattern icon="important" useCustomColors="true" pattern="\bfixme.*">
      <option name="FOREGROUND" value="da3921" />
      <option name="BACKGROUND" value="fff4f7" />
      <option name="FONT_TYPE" value="1" />
    </pattern>
    <pattern icon="question" useCustomColors="true" pattern="\bnote.*">
      <option name="FOREGROUND" value="da94a" />
      <option name="FONT_TYPE" value="1" />
    </pattern>
  </component>
</application>