<application>
  <component name="FileTypeManager" version="19">
    <extensionMap>
      <mapping pattern="*.cpp | *.h" type="PLAIN_TEXT" />
      <removed_mapping ext="apk" approved="true" type="ARCHIVE" />
      <removed_mapping ext="dockerignore" approved="true" type="DockerIgnore file" />
      <removed_mapping ext="ignore" approved="true" type="IgnoreLang file" />
      <removed_mapping ext="psd" approved="true" type="Image" />
      <mapping ext="plantuml" type="PlantUML file" />
    </extensionMap>
  </component>
</application>