<application>
  <component name="LafManager">
    <laf themeId="ExperimentalLight" />
    <lafs-to-previous-schemes>
      <laf-to-scheme laf="CUSTOM" scheme="_@user_Material Oceanic" />
      <laf-to-scheme laf="ExperimentalLight" scheme="SweetBeanPaste" />
      <laf-to-scheme laf="ExperimentalLightWithLightHeader" scheme="Green X2" />
      <laf-to-scheme laf="LIGHT_CUSTOM" scheme="_@user_Material Lighter" />
      <laf-to-scheme laf="a007a5d1-9d21-418a-bccf-f7d95be29907" scheme="Green X2" />
      <laf-to-scheme laf="dinbtechit-e4968811e8c127f591d7e670706d4a3c" scheme="_@user_Github" />
    </lafs-to-previous-schemes>
  </component>
</application>