<application>
  <component name="ProjectJdkTable">
    <jdk version="2">
      <name value="1.8" />
      <type value="JavaSDK" />
      <version value="version 1.8.0_362" />
      <homePath value="C:\Program Files\Huawei\jdk1.8.0_362" />
      <roots>
        <classPath>
          <root type="composite">
            <root url="jar://C:/Program Files/Huawei/jdk1.8.0_362/jre/lib/charsets.jar!/" type="simple" />
            <root url="jar://C:/Program Files/Huawei/jdk1.8.0_362/jre/lib/ext/access-bridge-64.jar!/" type="simple" />
            <root url="jar://C:/Program Files/Huawei/jdk1.8.0_362/jre/lib/ext/cldrdata.jar!/" type="simple" />
            <root url="jar://C:/Program Files/Huawei/jdk1.8.0_362/jre/lib/ext/dnsns.jar!/" type="simple" />
            <root url="jar://C:/Program Files/Huawei/jdk1.8.0_362/jre/lib/ext/jaccess.jar!/" type="simple" />
            <root url="jar://C:/Program Files/Huawei/jdk1.8.0_362/jre/lib/ext/jfxrt.jar!/" type="simple" />
            <root url="jar://C:/Program Files/Huawei/jdk1.8.0_362/jre/lib/ext/localedata.jar!/" type="simple" />
            <root url="jar://C:/Program Files/Huawei/jdk1.8.0_362/jre/lib/ext/nashorn.jar!/" type="simple" />
            <root url="jar://C:/Program Files/Huawei/jdk1.8.0_362/jre/lib/ext/sunec.jar!/" type="simple" />
            <root url="jar://C:/Program Files/Huawei/jdk1.8.0_362/jre/lib/ext/sunjce_provider.jar!/" type="simple" />
            <root url="jar://C:/Program Files/Huawei/jdk1.8.0_362/jre/lib/ext/sunmscapi.jar!/" type="simple" />
            <root url="jar://C:/Program Files/Huawei/jdk1.8.0_362/jre/lib/ext/sunpkcs11.jar!/" type="simple" />
            <root url="jar://C:/Program Files/Huawei/jdk1.8.0_362/jre/lib/ext/zipfs.jar!/" type="simple" />
            <root url="jar://C:/Program Files/Huawei/jdk1.8.0_362/jre/lib/jce.jar!/" type="simple" />
            <root url="jar://C:/Program Files/Huawei/jdk1.8.0_362/jre/lib/jfr.jar!/" type="simple" />
            <root url="jar://C:/Program Files/Huawei/jdk1.8.0_362/jre/lib/jfxswt.jar!/" type="simple" />
            <root url="jar://C:/Program Files/Huawei/jdk1.8.0_362/jre/lib/jsse.jar!/" type="simple" />
            <root url="jar://C:/Program Files/Huawei/jdk1.8.0_362/jre/lib/management-agent.jar!/" type="simple" />
            <root url="jar://C:/Program Files/Huawei/jdk1.8.0_362/jre/lib/resources.jar!/" type="simple" />
            <root url="jar://C:/Program Files/Huawei/jdk1.8.0_362/jre/lib/rt.jar!/" type="simple" />
            <root url="jar://C:/Program Files (x86)/Huawei/jdk1.8.0_382/jre/lib/charsets.jar!/" type="simple" />
            <root url="jar://C:/Program Files (x86)/Huawei/jdk1.8.0_382/jre/lib/ext/access-bridge-32.jar!/" type="simple" />
            <root url="jar://C:/Program Files (x86)/Huawei/jdk1.8.0_382/jre/lib/ext/access-bridge.jar!/" type="simple" />
            <root url="jar://C:/Program Files (x86)/Huawei/jdk1.8.0_382/jre/lib/ext/cldrdata.jar!/" type="simple" />
            <root url="jar://C:/Program Files (x86)/Huawei/jdk1.8.0_382/jre/lib/ext/dnsns.jar!/" type="simple" />
            <root url="jar://C:/Program Files (x86)/Huawei/jdk1.8.0_382/jre/lib/ext/jaccess.jar!/" type="simple" />
            <root url="jar://C:/Program Files (x86)/Huawei/jdk1.8.0_382/jre/lib/ext/jfxrt.jar!/" type="simple" />
            <root url="jar://C:/Program Files (x86)/Huawei/jdk1.8.0_382/jre/lib/ext/localedata.jar!/" type="simple" />
            <root url="jar://C:/Program Files (x86)/Huawei/jdk1.8.0_382/jre/lib/ext/nashorn.jar!/" type="simple" />
            <root url="jar://C:/Program Files (x86)/Huawei/jdk1.8.0_382/jre/lib/ext/sunec.jar!/" type="simple" />
            <root url="jar://C:/Program Files (x86)/Huawei/jdk1.8.0_382/jre/lib/ext/sunjce_provider.jar!/" type="simple" />
            <root url="jar://C:/Program Files (x86)/Huawei/jdk1.8.0_382/jre/lib/ext/sunmscapi.jar!/" type="simple" />
            <root url="jar://C:/Program Files (x86)/Huawei/jdk1.8.0_382/jre/lib/ext/sunpkcs11.jar!/" type="simple" />
            <root url="jar://C:/Program Files (x86)/Huawei/jdk1.8.0_382/jre/lib/ext/zipfs.jar!/" type="simple" />
            <root url="jar://C:/Program Files (x86)/Huawei/jdk1.8.0_382/jre/lib/jce.jar!/" type="simple" />
            <root url="jar://C:/Program Files (x86)/Huawei/jdk1.8.0_382/jre/lib/jfr.jar!/" type="simple" />
            <root url="jar://C:/Program Files (x86)/Huawei/jdk1.8.0_382/jre/lib/jfxswt.jar!/" type="simple" />
            <root url="jar://C:/Program Files (x86)/Huawei/jdk1.8.0_382/jre/lib/jsse.jar!/" type="simple" />
            <root url="jar://C:/Program Files (x86)/Huawei/jdk1.8.0_382/jre/lib/management-agent.jar!/" type="simple" />
            <root url="jar://C:/Program Files (x86)/Huawei/jdk1.8.0_382/jre/lib/resources.jar!/" type="simple" />
            <root url="jar://C:/Program Files (x86)/Huawei/jdk1.8.0_382/jre/lib/rt.jar!/" type="simple" />
            <root url="jar://D:/env/jdk/jre/lib/charsets.jar!/" type="simple" />
            <root url="jar://D:/env/jdk/jre/lib/deploy.jar!/" type="simple" />
            <root url="jar://D:/env/jdk/jre/lib/ext/access-bridge-32.jar!/" type="simple" />
            <root url="jar://D:/env/jdk/jre/lib/ext/cldrdata.jar!/" type="simple" />
            <root url="jar://D:/env/jdk/jre/lib/ext/dnsns.jar!/" type="simple" />
            <root url="jar://D:/env/jdk/jre/lib/ext/jaccess.jar!/" type="simple" />
            <root url="jar://D:/env/jdk/jre/lib/ext/jfxrt.jar!/" type="simple" />
            <root url="jar://D:/env/jdk/jre/lib/ext/localedata.jar!/" type="simple" />
            <root url="jar://D:/env/jdk/jre/lib/ext/nashorn.jar!/" type="simple" />
            <root url="jar://D:/env/jdk/jre/lib/ext/sunec.jar!/" type="simple" />
            <root url="jar://D:/env/jdk/jre/lib/ext/sunjce_provider.jar!/" type="simple" />
            <root url="jar://D:/env/jdk/jre/lib/ext/sunmscapi.jar!/" type="simple" />
            <root url="jar://D:/env/jdk/jre/lib/ext/sunpkcs11.jar!/" type="simple" />
            <root url="jar://D:/env/jdk/jre/lib/ext/zipfs.jar!/" type="simple" />
            <root url="jar://D:/env/jdk/jre/lib/javaws.jar!/" type="simple" />
            <root url="jar://D:/env/jdk/jre/lib/jce.jar!/" type="simple" />
            <root url="jar://D:/env/jdk/jre/lib/jfr.jar!/" type="simple" />
            <root url="jar://D:/env/jdk/jre/lib/jfxswt.jar!/" type="simple" />
            <root url="jar://D:/env/jdk/jre/lib/jsse.jar!/" type="simple" />
            <root url="jar://D:/env/jdk/jre/lib/management-agent.jar!/" type="simple" />
            <root url="jar://D:/env/jdk/jre/lib/plugin.jar!/" type="simple" />
            <root url="jar://D:/env/jdk/jre/lib/resources.jar!/" type="simple" />
            <root url="jar://D:/env/jdk/jre/lib/rt.jar!/" type="simple" />
          </root>
        </classPath>
        <sourcePath>
          <root type="composite">
            <root url="jar://D:/env/jdk/src.zip!/" type="simple" />
            <root url="jar://D:/env/jdk/javafx-src.zip!/" type="simple" />
            <root url="jar://C:/Program Files (x86)/Huawei/jdk1.8.0_382/src.zip!/" type="simple" />
            <root url="jar://C:/Program Files (x86)/Huawei/jdk1.8.0_382/javafx-src.zip!/" type="simple" />
            <root url="jar://C:/Program Files/Huawei/jdk1.8.0_362/src.zip!/" type="simple" />
            <root url="jar://C:/Program Files/Huawei/jdk1.8.0_362/javafx-src.zip!/" type="simple" />
          </root>
        </sourcePath>
      </roots>
      <additional />
    </jdk>
  </component>
</application>