<application>
  <component name="CodeInsightSettings">
    <option name="completionCaseSensitive" value="2" />
    <option name="COMPLETION_CASE_SENSITIVE" value="2" />
    <option name="ADD_UNAMBIGIOUS_IMPORTS_ON_THE_FLY" value="true" />
  </component>
  <component name="CodeVisionSettings">
    <option name="disabledCodeVisionProviderIds">
      <set>
        <option value="vcs.code.vision" />
      </set>
    </option>
  </component>
  <component name="DaemonCodeAnalyzerSettings">
    <option name="SHOW_METHOD_SEPARATORS" value="true" />
  </component>
  <component name="EditorSettings">
    <option name="languageBreadcrumbsMap">
      <map>
        <entry key="JAVA" value="true" />
        <entry key="ObjectiveC" value="true" />
      </map>
    </option>
    <option name="USE_SOFT_WRAPS" value="CONSOLE" />
    <option name="IS_WHEEL_FONTCHANGE_ENABLED" value="true" />
  </component>
  <component name="InlineCompletionOnboarding">
    <option name="onboardingFinished" value="true" />
  </component>
  <component name="TodoConfiguration">
    <pattern useCustomColors="true" pattern="\btodo.*">
      <option name="FOREGROUND" value="30d2ff" />
      <option name="FONT_TYPE" value="2" />
    </pattern>
    <pattern icon="important" useCustomColors="true" pattern="\bfixme.*">
      <option name="FOREGROUND" value="ff8c00" />
      <option name="FONT_TYPE" value="2" />
    </pattern>
    <pattern icon="question" useCustomColors="true" pattern="\bnote.*">
      <option name="FOREGROUND" value="8ff2b" />
      <option name="FONT_TYPE" value="2" />
    </pattern>
  </component>
</application>