<application>
  <component name="GeneralSettings">
    <option name="showTipsOnStartup" value="false" />
    <option name="confirmExit" value="false" />
    <option name="confirmOpenNewProject2" value="1" />
    <option name="processCloseConfirmation" value="TERMINATE" />
  </component>
  <component name="Registry">
    <entry key="ide.experimental.ui" value="true" />
    <entry key="run.processes.with.pty" value="false" />
    <entry key="documentation.show.toolbar" value="true" />
  </component>
  <component name="StatusBar">
    <option name="widgets">
      <map>
        <entry key="Memory" value="true" />
      </map>
    </option>
  </component>
</application>