<application>
  <component name="ProjectJdkTable">
    <jdk version="2">
      <name value="1.8" />
      <type value="JavaSDK" />
      <version value="version 1.8.0_362" />
      <homePath value="C:\Program Files\Huawei\jdk1.8.0_362" />
      <roots>
        <classPath>
          <root type="composite">
            <root url="jar://C:/Program Files/Huawei/jdk1.8.0_362/jre/lib/charsets.jar!/" type="simple" />
            <root url="jar://C:/Program Files/Huawei/jdk1.8.0_362/jre/lib/ext/access-bridge-64.jar!/" type="simple" />
            <root url="jar://C:/Program Files/Huawei/jdk1.8.0_362/jre/lib/ext/cldrdata.jar!/" type="simple" />
            <root url="jar://C:/Program Files/Huawei/jdk1.8.0_362/jre/lib/ext/dnsns.jar!/" type="simple" />
            <root url="jar://C:/Program Files/Huawei/jdk1.8.0_362/jre/lib/ext/jaccess.jar!/" type="simple" />
            <root url="jar://C:/Program Files/Huawei/jdk1.8.0_362/jre/lib/ext/jfxrt.jar!/" type="simple" />
            <root url="jar://C:/Program Files/Huawei/jdk1.8.0_362/jre/lib/ext/localedata.jar!/" type="simple" />
            <root url="jar://C:/Program Files/Huawei/jdk1.8.0_362/jre/lib/ext/nashorn.jar!/" type="simple" />
            <root url="jar://C:/Program Files/Huawei/jdk1.8.0_362/jre/lib/ext/sunec.jar!/" type="simple" />
            <root url="jar://C:/Program Files/Huawei/jdk1.8.0_362/jre/lib/ext/sunjce_provider.jar!/" type="simple" />
            <root url="jar://C:/Program Files/Huawei/jdk1.8.0_362/jre/lib/ext/sunmscapi.jar!/" type="simple" />
            <root url="jar://C:/Program Files/Huawei/jdk1.8.0_362/jre/lib/ext/sunpkcs11.jar!/" type="simple" />
            <root url="jar://C:/Program Files/Huawei/jdk1.8.0_362/jre/lib/ext/zipfs.jar!/" type="simple" />
            <root url="jar://C:/Program Files/Huawei/jdk1.8.0_362/jre/lib/jce.jar!/" type="simple" />
            <root url="jar://C:/Program Files/Huawei/jdk1.8.0_362/jre/lib/jfr.jar!/" type="simple" />
            <root url="jar://C:/Program Files/Huawei/jdk1.8.0_362/jre/lib/jfxswt.jar!/" type="simple" />
            <root url="jar://C:/Program Files/Huawei/jdk1.8.0_362/jre/lib/jsse.jar!/" type="simple" />
            <root url="jar://C:/Program Files/Huawei/jdk1.8.0_362/jre/lib/management-agent.jar!/" type="simple" />
            <root url="jar://C:/Program Files/Huawei/jdk1.8.0_362/jre/lib/resources.jar!/" type="simple" />
            <root url="jar://C:/Program Files/Huawei/jdk1.8.0_362/jre/lib/rt.jar!/" type="simple" />
            <root url="jar://C:/Program Files (x86)/Huawei/jdk1.8.0_382/jre/lib/charsets.jar!/" type="simple" />
            <root url="jar://C:/Program Files (x86)/Huawei/jdk1.8.0_382/jre/lib/ext/access-bridge-32.jar!/" type="simple" />
            <root url="jar://C:/Program Files (x86)/Huawei/jdk1.8.0_382/jre/lib/ext/access-bridge.jar!/" type="simple" />
            <root url="jar://C:/Program Files (x86)/Huawei/jdk1.8.0_382/jre/lib/ext/cldrdata.jar!/" type="simple" />
            <root url="jar://C:/Program Files (x86)/Huawei/jdk1.8.0_382/jre/lib/ext/dnsns.jar!/" type="simple" />
            <root url="jar://C:/Program Files (x86)/Huawei/jdk1.8.0_382/jre/lib/ext/jaccess.jar!/" type="simple" />
            <root url="jar://C:/Program Files (x86)/Huawei/jdk1.8.0_382/jre/lib/ext/jfxrt.jar!/" type="simple" />
            <root url="jar://C:/Program Files (x86)/Huawei/jdk1.8.0_382/jre/lib/ext/localedata.jar!/" type="simple" />
            <root url="jar://C:/Program Files (x86)/Huawei/jdk1.8.0_382/jre/lib/ext/nashorn.jar!/" type="simple" />
            <root url="jar://C:/Program Files (x86)/Huawei/jdk1.8.0_382/jre/lib/ext/sunec.jar!/" type="simple" />
            <root url="jar://C:/Program Files (x86)/Huawei/jdk1.8.0_382/jre/lib/ext/sunjce_provider.jar!/" type="simple" />
            <root url="jar://C:/Program Files (x86)/Huawei/jdk1.8.0_382/jre/lib/ext/sunmscapi.jar!/" type="simple" />
            <root url="jar://C:/Program Files (x86)/Huawei/jdk1.8.0_382/jre/lib/ext/sunpkcs11.jar!/" type="simple" />
            <root url="jar://C:/Program Files (x86)/Huawei/jdk1.8.0_382/jre/lib/ext/zipfs.jar!/" type="simple" />
            <root url="jar://C:/Program Files (x86)/Huawei/jdk1.8.0_382/jre/lib/jce.jar!/" type="simple" />
            <root url="jar://C:/Program Files (x86)/Huawei/jdk1.8.0_382/jre/lib/jfr.jar!/" type="simple" />
            <root url="jar://C:/Program Files (x86)/Huawei/jdk1.8.0_382/jre/lib/jfxswt.jar!/" type="simple" />
            <root url="jar://C:/Program Files (x86)/Huawei/jdk1.8.0_382/jre/lib/jsse.jar!/" type="simple" />
            <root url="jar://C:/Program Files (x86)/Huawei/jdk1.8.0_382/jre/lib/management-agent.jar!/" type="simple" />
            <root url="jar://C:/Program Files (x86)/Huawei/jdk1.8.0_382/jre/lib/resources.jar!/" type="simple" />
            <root url="jar://C:/Program Files (x86)/Huawei/jdk1.8.0_382/jre/lib/rt.jar!/" type="simple" />
            <root url="jar://D:/env/jdk/jre/lib/charsets.jar!/" type="simple" />
            <root url="jar://D:/env/jdk/jre/lib/deploy.jar!/" type="simple" />
            <root url="jar://D:/env/jdk/jre/lib/ext/access-bridge-32.jar!/" type="simple" />
            <root url="jar://D:/env/jdk/jre/lib/ext/cldrdata.jar!/" type="simple" />
            <root url="jar://D:/env/jdk/jre/lib/ext/dnsns.jar!/" type="simple" />
            <root url="jar://D:/env/jdk/jre/lib/ext/jaccess.jar!/" type="simple" />
            <root url="jar://D:/env/jdk/jre/lib/ext/jfxrt.jar!/" type="simple" />
            <root url="jar://D:/env/jdk/jre/lib/ext/localedata.jar!/" type="simple" />
            <root url="jar://D:/env/jdk/jre/lib/ext/nashorn.jar!/" type="simple" />
            <root url="jar://D:/env/jdk/jre/lib/ext/sunec.jar!/" type="simple" />
            <root url="jar://D:/env/jdk/jre/lib/ext/sunjce_provider.jar!/" type="simple" />
            <root url="jar://D:/env/jdk/jre/lib/ext/sunmscapi.jar!/" type="simple" />
            <root url="jar://D:/env/jdk/jre/lib/ext/sunpkcs11.jar!/" type="simple" />
            <root url="jar://D:/env/jdk/jre/lib/ext/zipfs.jar!/" type="simple" />
            <root url="jar://D:/env/jdk/jre/lib/javaws.jar!/" type="simple" />
            <root url="jar://D:/env/jdk/jre/lib/jce.jar!/" type="simple" />
            <root url="jar://D:/env/jdk/jre/lib/jfr.jar!/" type="simple" />
            <root url="jar://D:/env/jdk/jre/lib/jfxswt.jar!/" type="simple" />
            <root url="jar://D:/env/jdk/jre/lib/jsse.jar!/" type="simple" />
            <root url="jar://D:/env/jdk/jre/lib/management-agent.jar!/" type="simple" />
            <root url="jar://D:/env/jdk/jre/lib/plugin.jar!/" type="simple" />
            <root url="jar://D:/env/jdk/jre/lib/resources.jar!/" type="simple" />
            <root url="jar://D:/env/jdk/jre/lib/rt.jar!/" type="simple" />
          </root>
        </classPath>
        <sourcePath>
          <root type="composite">
            <root url="jar://D:/env/jdk/src.zip!/" type="simple" />
            <root url="jar://D:/env/jdk/javafx-src.zip!/" type="simple" />
            <root url="jar://C:/Program Files (x86)/Huawei/jdk1.8.0_382/src.zip!/" type="simple" />
            <root url="jar://C:/Program Files (x86)/Huawei/jdk1.8.0_382/javafx-src.zip!/" type="simple" />
            <root url="jar://C:/Program Files/Huawei/jdk1.8.0_362/src.zip!/" type="simple" />
            <root url="jar://C:/Program Files/Huawei/jdk1.8.0_362/javafx-src.zip!/" type="simple" />
          </root>
        </sourcePath>
      </roots>
      <additional />
    </jdk>
    <jdk version="2">
      <name value="Python 3.10" />
      <type value="Python SDK" />
      <version value="Python 3.10.7" />
      <homePath value="D:\env\python\python310\python.exe" />
      <roots>
        <classPath>
          <root type="composite">
            <root url="file://D:/env/python/python310/DLLs" type="simple" />
            <root url="file://D:/env/python/python310/Lib" type="simple" />
            <root url="file://D:/env/python/python310" type="simple" />
            <root url="file://D:/env/python/python310/Lib/site-packages" type="simple" />
            <root url="file://D:/env/python/python310/Lib/site-packages/win32" type="simple" />
            <root url="file://D:/env/python/python310/Lib/site-packages/win32/lib" type="simple" />
            <root url="file://D:/env/python/python310/Lib/site-packages/pythonwin" type="simple" />
            <root url="file://$USER_HOME$/AppData/Local/JetBrains/PyCharm2023.3/python_stubs/-1857311215" type="simple" />
            <root url="file://$APPLICATION_HOME_DIR$/plugins/python/helpers/python-skeletons" type="simple" />
            <root url="file://$APPLICATION_HOME_DIR$/plugins/python/helpers/typeshed/stdlib" type="simple" />
            <root url="file://$APPLICATION_HOME_DIR$/plugins/python/helpers/typeshed/stubs/gdb" type="simple" />
            <root url="file://$APPLICATION_HOME_DIR$/plugins/python/helpers/typeshed/stubs/six" type="simple" />
            <root url="file://$APPLICATION_HOME_DIR$/plugins/python/helpers/typeshed/stubs/boto" type="simple" />
            <root url="file://$APPLICATION_HOME_DIR$/plugins/python/helpers/typeshed/stubs/cffi" type="simple" />
            <root url="file://$APPLICATION_HOME_DIR$/plugins/python/helpers/typeshed/stubs/mock" type="simple" />
            <root url="file://$APPLICATION_HOME_DIR$/plugins/python/helpers/typeshed/stubs/pika" type="simple" />
            <root url="file://$APPLICATION_HOME_DIR$/plugins/python/helpers/typeshed/stubs/pytz" type="simple" />
            <root url="file://$APPLICATION_HOME_DIR$/plugins/python/helpers/typeshed/stubs/toml" type="simple" />
            <root url="file://$APPLICATION_HOME_DIR$/plugins/python/helpers/typeshed/stubs/tqdm" type="simple" />
            <root url="file://$APPLICATION_HOME_DIR$/plugins/python/helpers/typeshed/stubs/zstd" type="simple" />
            <root url="file://$APPLICATION_HOME_DIR$/plugins/python/helpers/typeshed/stubs/first" type="simple" />
            <root url="file://$APPLICATION_HOME_DIR$/plugins/python/helpers/typeshed/stubs/fpdf2" type="simple" />
            <root url="file://$APPLICATION_HOME_DIR$/plugins/python/helpers/typeshed/stubs/ldap3" type="simple" />
            <root url="file://$APPLICATION_HOME_DIR$/plugins/python/helpers/typeshed/stubs/polib" type="simple" />
            <root url="file://$APPLICATION_HOME_DIR$/plugins/python/helpers/typeshed/stubs/pyjks" type="simple" />
            <root url="file://$APPLICATION_HOME_DIR$/plugins/python/helpers/typeshed/stubs/redis" type="simple" />
            <root url="file://$APPLICATION_HOME_DIR$/plugins/python/helpers/typeshed/stubs/regex" type="simple" />
            <root url="file://$APPLICATION_HOME_DIR$/plugins/python/helpers/typeshed/stubs/retry" type="simple" />
            <root url="file://$APPLICATION_HOME_DIR$/plugins/python/helpers/typeshed/stubs/ujson" type="simple" />
            <root url="file://$APPLICATION_HOME_DIR$/plugins/python/helpers/typeshed/stubs/uWSGI" type="simple" />
            <root url="file://$APPLICATION_HOME_DIR$/plugins/python/helpers/typeshed/stubs/WebOb" type="simple" />
            <root url="file://$APPLICATION_HOME_DIR$/plugins/python/helpers/typeshed/stubs/bleach" type="simple" />
            <root url="file://$APPLICATION_HOME_DIR$/plugins/python/helpers/typeshed/stubs/caldav" type="simple" />
            <root url="file://$APPLICATION_HOME_DIR$/plugins/python/helpers/typeshed/stubs/docopt" type="simple" />
            <root url="file://$APPLICATION_HOME_DIR$/plugins/python/helpers/typeshed/stubs/hdbcli" type="simple" />
            <root url="file://$APPLICATION_HOME_DIR$/plugins/python/helpers/typeshed/stubs/ibm-db" type="simple" />
            <root url="file://$APPLICATION_HOME_DIR$/plugins/python/helpers/typeshed/stubs/invoke" type="simple" />
            <root url="file://$APPLICATION_HOME_DIR$/plugins/python/helpers/typeshed/stubs/passpy" type="simple" />
            <root url="file://$APPLICATION_HOME_DIR$/plugins/python/helpers/typeshed/stubs/peewee" type="simple" />
            <root url="file://$APPLICATION_HOME_DIR$/plugins/python/helpers/typeshed/stubs/Pillow" type="simple" />
            <root url="file://$APPLICATION_HOME_DIR$/plugins/python/helpers/typeshed/stubs/pluggy" type="simple" />
            <root url="file://$APPLICATION_HOME_DIR$/plugins/python/helpers/typeshed/stubs/psutil" type="simple" />
            <root url="file://$APPLICATION_HOME_DIR$/plugins/python/helpers/typeshed/stubs/pyasn1" type="simple" />
            <root url="file://$APPLICATION_HOME_DIR$/plugins/python/helpers/typeshed/stubs/pycurl" type="simple" />
            <root url="file://$APPLICATION_HOME_DIR$/plugins/python/helpers/typeshed/stubs/pynput" type="simple" />
            <root url="file://$APPLICATION_HOME_DIR$/plugins/python/helpers/typeshed/stubs/pysftp" type="simple" />
            <root url="file://$APPLICATION_HOME_DIR$/plugins/python/helpers/typeshed/stubs/PyYAML" type="simple" />
            <root url="file://$APPLICATION_HOME_DIR$/plugins/python/helpers/typeshed/stubs/qrcode" type="simple" />
            <root url="file://$APPLICATION_HOME_DIR$/plugins/python/helpers/typeshed/stubs/stripe" type="simple" />
            <root url="file://$APPLICATION_HOME_DIR$/plugins/python/helpers/typeshed/stubs/zxcvbn" type="simple" />
            <root url="file://$APPLICATION_HOME_DIR$/plugins/python/helpers/typeshed/stubs/boltons" type="simple" />
            <root url="file://$APPLICATION_HOME_DIR$/plugins/python/helpers/typeshed/stubs/chevron" type="simple" />
            <root url="file://$APPLICATION_HOME_DIR$/plugins/python/helpers/typeshed/stubs/inifile" type="simple" />
            <root url="file://$APPLICATION_HOME_DIR$/plugins/python/helpers/typeshed/stubs/libsass" type="simple" />
            <root url="file://$APPLICATION_HOME_DIR$/plugins/python/helpers/typeshed/stubs/netaddr" type="simple" />
            <root url="file://$APPLICATION_HOME_DIR$/plugins/python/helpers/typeshed/stubs/passlib" type="simple" />
            <root url="file://$APPLICATION_HOME_DIR$/plugins/python/helpers/typeshed/stubs/pexpect" type="simple" />
            <root url="file://$APPLICATION_HOME_DIR$/plugins/python/helpers/typeshed/stubs/pyaudio" type="simple" />
            <root url="file://$APPLICATION_HOME_DIR$/plugins/python/helpers/typeshed/stubs/PyMySQL" type="simple" />
            <root url="file://$APPLICATION_HOME_DIR$/plugins/python/helpers/typeshed/stubs/pyvmomi" type="simple" />
            <root url="file://$APPLICATION_HOME_DIR$/plugins/python/helpers/typeshed/stubs/pywin32" type="simple" />
            <root url="file://$APPLICATION_HOME_DIR$/plugins/python/helpers/typeshed/stubs/slumber" type="simple" />
            <root url="file://$APPLICATION_HOME_DIR$/plugins/python/helpers/typeshed/stubs/tzlocal" type="simple" />
            <root url="file://$APPLICATION_HOME_DIR$/plugins/python/helpers/typeshed/stubs/vobject" type="simple" />
            <root url="file://$APPLICATION_HOME_DIR$/plugins/python/helpers/typeshed/stubs/WTForms" type="simple" />
            <root url="file://$APPLICATION_HOME_DIR$/plugins/python/helpers/typeshed/stubs/aiofiles" type="simple" />
            <root url="file://$APPLICATION_HOME_DIR$/plugins/python/helpers/typeshed/stubs/colorama" type="simple" />
            <root url="file://$APPLICATION_HOME_DIR$/plugins/python/helpers/typeshed/stubs/croniter" type="simple" />
            <root url="file://$APPLICATION_HOME_DIR$/plugins/python/helpers/typeshed/stubs/docutils" type="simple" />
            <root url="file://$APPLICATION_HOME_DIR$/plugins/python/helpers/typeshed/stubs/ExifRead" type="simple" />
            <root url="file://$APPLICATION_HOME_DIR$/plugins/python/helpers/typeshed/stubs/greenlet" type="simple" />
            <root url="file://$APPLICATION_HOME_DIR$/plugins/python/helpers/typeshed/stubs/html5lib" type="simple" />
            <root url="file://$APPLICATION_HOME_DIR$/plugins/python/helpers/typeshed/stubs/httplib2" type="simple" />
            <root url="file://$APPLICATION_HOME_DIR$/plugins/python/helpers/typeshed/stubs/jmespath" type="simple" />
            <root url="file://$APPLICATION_HOME_DIR$/plugins/python/helpers/typeshed/stubs/keyboard" type="simple" />
            <root url="file://$APPLICATION_HOME_DIR$/plugins/python/helpers/typeshed/stubs/Markdown" type="simple" />
            <root url="file://$APPLICATION_HOME_DIR$/plugins/python/helpers/typeshed/stubs/oauthlib" type="simple" />
            <root url="file://$APPLICATION_HOME_DIR$/plugins/python/helpers/typeshed/stubs/openpyxl" type="simple" />
            <root url="file://$APPLICATION_HOME_DIR$/plugins/python/helpers/typeshed/stubs/paramiko" type="simple" />
            <root url="file://$APPLICATION_HOME_DIR$/plugins/python/helpers/typeshed/stubs/psycopg2" type="simple" />
            <root url="file://$APPLICATION_HOME_DIR$/plugins/python/helpers/typeshed/stubs/pyflakes" type="simple" />
            <root url="file://$APPLICATION_HOME_DIR$/plugins/python/helpers/typeshed/stubs/Pygments" type="simple" />
            <root url="file://$APPLICATION_HOME_DIR$/plugins/python/helpers/typeshed/stubs/pyserial" type="simple" />
            <root url="file://$APPLICATION_HOME_DIR$/plugins/python/helpers/typeshed/stubs/requests" type="simple" />
            <root url="file://$APPLICATION_HOME_DIR$/plugins/python/helpers/typeshed/stubs/tabulate" type="simple" />
            <root url="file://$APPLICATION_HOME_DIR$/plugins/python/helpers/typeshed/stubs/toposort" type="simple" />
            <root url="file://$APPLICATION_HOME_DIR$/plugins/python/helpers/typeshed/stubs/untangle" type="simple" />
            <root url="file://$APPLICATION_HOME_DIR$/plugins/python/helpers/typeshed/stubs/waitress" type="simple" />
            <root url="file://$APPLICATION_HOME_DIR$/plugins/python/helpers/typeshed/stubs/braintree" type="simple" />
            <root url="file://$APPLICATION_HOME_DIR$/plugins/python/helpers/typeshed/stubs/decorator" type="simple" />
            <root url="file://$APPLICATION_HOME_DIR$/plugins/python/helpers/typeshed/stubs/paho-mqtt" type="simple" />
            <root url="file://$APPLICATION_HOME_DIR$/plugins/python/helpers/typeshed/stubs/playsound" type="simple" />
            <root url="file://$APPLICATION_HOME_DIR$/plugins/python/helpers/typeshed/stubs/PyAutoGUI" type="simple" />
            <root url="file://$APPLICATION_HOME_DIR$/plugins/python/helpers/typeshed/stubs/pyOpenSSL" type="simple" />
            <root url="file://$APPLICATION_HOME_DIR$/plugins/python/helpers/typeshed/stubs/pyRFC3339" type="simple" />
            <root url="file://$APPLICATION_HOME_DIR$/plugins/python/helpers/typeshed/stubs/PyScreeze" type="simple" />
            <root url="file://$APPLICATION_HOME_DIR$/plugins/python/helpers/typeshed/stubs/ttkthemes" type="simple" />
            <root url="file://$APPLICATION_HOME_DIR$/plugins/python/helpers/typeshed/stubs/xmltodict" type="simple" />
            <root url="file://$APPLICATION_HOME_DIR$/plugins/python/helpers/typeshed/stubs/cachetools" type="simple" />
            <root url="file://$APPLICATION_HOME_DIR$/plugins/python/helpers/typeshed/stubs/commonmark" type="simple" />
            <root url="file://$APPLICATION_HOME_DIR$/plugins/python/helpers/typeshed/stubs/dateparser" type="simple" />
            <root url="file://$APPLICATION_HOME_DIR$/plugins/python/helpers/typeshed/stubs/Deprecated" type="simple" />
            <root url="file://$APPLICATION_HOME_DIR$/plugins/python/helpers/typeshed/stubs/Flask-Cors" type="simple" />
            <root url="file://$APPLICATION_HOME_DIR$/plugins/python/helpers/typeshed/stubs/jsonschema" type="simple" />
            <root url="file://$APPLICATION_HOME_DIR$/plugins/python/helpers/typeshed/stubs/pyfarmhash" type="simple" />
            <root url="file://$APPLICATION_HOME_DIR$/plugins/python/helpers/typeshed/stubs/Send2Trash" type="simple" />
            <root url="file://$APPLICATION_HOME_DIR$/plugins/python/helpers/typeshed/stubs/setuptools" type="simple" />
            <root url="file://$APPLICATION_HOME_DIR$/plugins/python/helpers/typeshed/stubs/simplejson" type="simple" />
            <root url="file://$APPLICATION_HOME_DIR$/plugins/python/helpers/typeshed/stubs/SQLAlchemy" type="simple" />
            <root url="file://$APPLICATION_HOME_DIR$/plugins/python/helpers/typeshed/stubs/tensorflow" type="simple" />
            <root url="file://$APPLICATION_HOME_DIR$/plugins/python/helpers/typeshed/stubs/entrypoints" type="simple" />
            <root url="file://$APPLICATION_HOME_DIR$/plugins/python/helpers/typeshed/stubs/flake8-2020" type="simple" />
            <root url="file://$APPLICATION_HOME_DIR$/plugins/python/helpers/typeshed/stubs/JACK-Client" type="simple" />
            <root url="file://$APPLICATION_HOME_DIR$/plugins/python/helpers/typeshed/stubs/mysqlclient" type="simple" />
            <root url="file://$APPLICATION_HOME_DIR$/plugins/python/helpers/typeshed/stubs/opentracing" type="simple" />
            <root url="file://$APPLICATION_HOME_DIR$/plugins/python/helpers/typeshed/stubs/pep8-naming" type="simple" />
            <root url="file://$APPLICATION_HOME_DIR$/plugins/python/helpers/typeshed/stubs/pycocotools" type="simple" />
            <root url="file://$APPLICATION_HOME_DIR$/plugins/python/helpers/typeshed/stubs/pyinstaller" type="simple" />
            <root url="file://$APPLICATION_HOME_DIR$/plugins/python/helpers/typeshed/stubs/python-jose" type="simple" />
            <root url="file://$APPLICATION_HOME_DIR$/plugins/python/helpers/typeshed/stubs/python-nmap" type="simple" />
            <root url="file://$APPLICATION_HOME_DIR$/plugins/python/helpers/typeshed/stubs/python-xlib" type="simple" />
            <root url="file://$APPLICATION_HOME_DIR$/plugins/python/helpers/typeshed/stubs/stdlib-list" type="simple" />
            <root url="file://$APPLICATION_HOME_DIR$/plugins/python/helpers/typeshed/stubs/tree-sitter" type="simple" />
            <root url="file://$APPLICATION_HOME_DIR$/plugins/python/helpers/typeshed/stubs/workalendar" type="simple" />
            <root url="file://$APPLICATION_HOME_DIR$/plugins/python/helpers/typeshed/stubs/aws-xray-sdk" type="simple" />
            <root url="file://$APPLICATION_HOME_DIR$/plugins/python/helpers/typeshed/stubs/console-menu" type="simple" />
            <root url="file://$APPLICATION_HOME_DIR$/plugins/python/helpers/typeshed/stubs/editdistance" type="simple" />
            <root url="file://$APPLICATION_HOME_DIR$/plugins/python/helpers/typeshed/stubs/parsimonious" type="simple" />
            <root url="file://$APPLICATION_HOME_DIR$/plugins/python/helpers/typeshed/stubs/usersettings" type="simple" />
            <root url="file://$APPLICATION_HOME_DIR$/plugins/python/helpers/typeshed/stubs/whatthepatch" type="simple" />
            <root url="file://$APPLICATION_HOME_DIR$/plugins/python/helpers/typeshed/stubs/click-spinner" type="simple" />
            <root url="file://$APPLICATION_HOME_DIR$/plugins/python/helpers/typeshed/stubs/Flask-Migrate" type="simple" />
            <root url="file://$APPLICATION_HOME_DIR$/plugins/python/helpers/typeshed/stubs/humanfriendly" type="simple" />
            <root url="file://$APPLICATION_HOME_DIR$/plugins/python/helpers/typeshed/stubs/python-gflags" type="simple" />
            <root url="file://$APPLICATION_HOME_DIR$/plugins/python/helpers/typeshed/stubs/beautifulsoup4" type="simple" />
            <root url="file://$APPLICATION_HOME_DIR$/plugins/python/helpers/typeshed/stubs/flake8-bugbear" type="simple" />
            <root url="file://$APPLICATION_HOME_DIR$/plugins/python/helpers/typeshed/stubs/Flask-SocketIO" type="simple" />
            <root url="file://$APPLICATION_HOME_DIR$/plugins/python/helpers/typeshed/stubs/python-crontab" type="simple" />
            <root url="file://$APPLICATION_HOME_DIR$/plugins/python/helpers/typeshed/stubs/python-slugify" type="simple" />
            <root url="file://$APPLICATION_HOME_DIR$/plugins/python/helpers/typeshed/stubs/singledispatch" type="simple" />
            <root url="file://$APPLICATION_HOME_DIR$/plugins/python/helpers/typeshed/stubs/flake8-builtins" type="simple" />
            <root url="file://$APPLICATION_HOME_DIR$/plugins/python/helpers/typeshed/stubs/flake8-simplify" type="simple" />
            <root url="file://$APPLICATION_HOME_DIR$/plugins/python/helpers/typeshed/stubs/influxdb-client" type="simple" />
            <root url="file://$APPLICATION_HOME_DIR$/plugins/python/helpers/typeshed/stubs/mypy-extensions" type="simple" />
            <root url="file://$APPLICATION_HOME_DIR$/plugins/python/helpers/typeshed/stubs/python-datemath" type="simple" />
            <root url="file://$APPLICATION_HOME_DIR$/plugins/python/helpers/typeshed/stubs/python-dateutil" type="simple" />
            <root url="file://$APPLICATION_HOME_DIR$/plugins/python/helpers/typeshed/stubs/dockerfile-parse" type="simple" />
            <root url="file://$APPLICATION_HOME_DIR$/plugins/python/helpers/typeshed/stubs/Flask-SQLAlchemy" type="simple" />
            <root url="file://$APPLICATION_HOME_DIR$/plugins/python/helpers/typeshed/stubs/s2clientprotocol" type="simple" />
            <root url="file://$APPLICATION_HOME_DIR$/plugins/python/helpers/typeshed/stubs/flake8-docstrings" type="simple" />
            <root url="file://$APPLICATION_HOME_DIR$/plugins/python/helpers/typeshed/stubs/requests-oauthlib" type="simple" />
            <root url="file://$APPLICATION_HOME_DIR$/plugins/python/helpers/typeshed/stubs/translationstring" type="simple" />
            <root url="file://$APPLICATION_HOME_DIR$/plugins/python/helpers/typeshed/stubs/click-default-group" type="simple" />
            <root url="file://$APPLICATION_HOME_DIR$/plugins/python/helpers/typeshed/stubs/flake8-plugin-utils" type="simple" />
            <root url="file://$APPLICATION_HOME_DIR$/plugins/python/helpers/typeshed/stubs/pytest-lazy-fixture" type="simple" />
            <root url="file://$APPLICATION_HOME_DIR$/plugins/python/helpers/typeshed/stubs/flake8-rst-docstrings" type="simple" />
            <root url="file://$APPLICATION_HOME_DIR$/plugins/python/helpers/typeshed/stubs/flake8-typing-imports" type="simple" />
            <root url="file://$APPLICATION_HOME_DIR$/plugins/python/helpers/typeshed/stubs/tree-sitter-languages" type="simple" />
          </root>
        </classPath>
        <sourcePath>
          <root type="composite" />
        </sourcePath>
      </roots>
      <additional SDK_UUID="41497ff6-783c-4341-be28-403368594418">
        <setting name="FLAVOR_ID" value="WinPythonSdkFlavor" />
        <setting name="FLAVOR_DATA" value="{}" />
      </additional>
    </jdk>
  </component>
</application>