<application>
  <component name="LafManager">
    <laf themeId="1a92aa6f-c2f1-4994-ae01-6a78e43eeb24" />
    <lafs-to-previous-schemes>
      <laf-to-scheme laf="Darcula" scheme="_@user_Darcula" />
      <laf-to-scheme laf="ExperimentalDark" scheme="_@user_Twilight" />
      <laf-to-scheme laf="ExperimentalLight" scheme="_@user_Monokai" />
      <laf-to-scheme laf="ExperimentalLightWithLightHeader" scheme="Green X2" />
      <laf-to-scheme laf="a007a5d1-9d21-418a-bccf-f7d95be29907" scheme="Green X2" />
      <laf-to-scheme laf="dinbtechit-e4968811e8c127f591d7e670706d4a3c" scheme="_@user_Github" />
    </lafs-to-previous-schemes>
  </component>
</application>