<application>
  <component name="ProjectManager">
    <defaultProject>
      <component name="WindowStateProjectService">
        <state x="497" y="105" key="#SSH_Configurations" timestamp="1708352552572">
          <screen x="0" y="0" width="2048" height="1104" />
        </state>
        <state x="497" y="105" key="#SSH_Configurations/0.0.2048.1104" timestamp="1708352552572" />
        <state x="497" y="105" key="#SSH_Configurations/2560.199.1536.816/0.0.2048.1104" timestamp="1702094139141" />
      </component>
    </defaultProject>
  </component>
</application>