<application>
  <component name="CPPToolchains" version="9">
    <toolchains detectedVersion="5">
      <toolchain name="LOCAL_MinGW" toolSetKind="MINGW" toolSetPath="D:\env\mingw64" customCMakePath="D:\env\cmake\bin\cmake.exe" customMakePath="D:\env\mingw64\bin\mingw32-make.exe" customCCompilerPath="D:\env\mingw64\bin\gcc.exe" customCXXCompilerPath="D:\env\mingw64\bin\g++.exe" debuggerKind="BUNDLED_GDB" />
      <toolchain name="MinGW" toolSetKind="MINGW" toolSetPath="BUNDLED_MINGW" debuggerKind="BUNDLED_GDB" />
      <toolchain name="WSL" toolSetKind="WSL" toolSetPath="Ubuntu" customCMakePath="\usr\bin\cmake" debuggerKind="CUSTOM_GDB" customGDBPath="\usr\bin\gdb" />
      <toolchain name="Visual Studio" toolSetKind="MSVC" toolSetPath="D:\software\MicrosoftVisualStudio\2022\Community" customCMakePath="D:\env\cmake\bin\cmake.exe" debuggerKind="BUNDLED_LLDB" />
    </toolchains>
  </component>
</application>